<?xml version="1.0"?>
<metadata>
	<mdFileID>{A3BDC9E2-4B91-4D9F-B505-7AC16E34AF5E}</mdFileID>
	<mdLang>
		<languageCode value="en">
		</languageCode>
	</mdLang>
	<mdChar Sync="TRUE">
		<CharSetCd value="004"/>
	</mdChar>
	<mdParentID></mdParentID>
	<mdHrLv2>dataset</mdHrLv2>
	<mdHrLvName2>Geodatabase feature class</mdHrLvName2>
	<mdDateSt Sync="TRUE">20111215</mdDateSt>
	<mdStanName2>ISO19115:2003</mdStanName2>
	<mdStanVer2>GISCO 1.2.0</mdStanVer2>
	<dataSetURI>Server=crab.cc.cec.eu.int; Service=port:5154; User=giscoread; Version=SDE.DEFAULT</dataSetURI>
	<spatRepInfo>
		<VectSpatRep>
			<topLvl>
				<TopoLevCd value="001"/>
			</topLvl>
			<geometObjs Name="CNTR_LB_2010"><geoObjTyp><GeoObjTypCd Sync="TRUE" value="004"></GeoObjTypCd></geoObjTyp><geoObjCnt Sync="TRUE">254</geoObjCnt></geometObjs></VectSpatRep>
	</spatRepInfo>
	<refSysInfo>
		<refSysId>
			<identCode>GCS_ETRS_1989</identCode>
		</refSysId>
		<RefSystem>
			<refSysID>
				<identCode>GCS_ETRS_1989</identCode>
			</refSysID>
		</RefSystem>
	</refSysInfo>
	<dataIdInfo>
		<idCitation>
			<resTitle>Country Labels version 2010</resTitle>
			<resRefDate>
				<refDate>20111206</refDate>
				<refDateType>
					<DateTypCd value="001"/>
				</refDateType>
			</resRefDate>
			<resRefDate>
				<refDate>20111206</refDate>
				<refDateType>
					<DateTypCd value="003"/>
				</refDateType>
			</resRefDate>
			<resEd>2010</resEd>
			<resEdDate>20111201</resEdDate>
			<citRespParty>
				<rpOrgName>Eurostat GISCO - European Commission</rpOrgName>
				<rpCntInfo>
					<cntPhone>
						<voiceNum>+352 4301 32076</voiceNum>
						<faxNum>+352 4301 32029</faxNum>
					</cntPhone>
					<cntAddress>
						<delPoint>5, rue Alphonse Weicker</delPoint>
						<city>Luxembourg</city>
						<adminArea>Luxembourg</adminArea>
						<postCode>2920</postCode>
						<eMailAdd>estat-gisco@ec.europa.eu</eMailAdd>
						<country>lu</country>
					</cntAddress>
				</rpCntInfo>
				<role>
					<RoleCd value="007"/>
				</role>
			</citRespParty>
			<citRespParty>
				<rpOrgName>Abaco Spa</rpOrgName>
				<rpCntInfo>
					<cntPhone>
						<voiceNum>+39 0376 222 181</voiceNum>
						<faxNum>+39 0376 222 182</faxNum>
					</cntPhone>
					<cntAddress>
						<delPoint>Corso Umberto I, 43</delPoint>
						<city>Mantova</city>
						<postCode>46100</postCode>
						<eMailAdd>info@abacogroup.eu</eMailAdd>
						<country>it</country>
						<adminArea>Mantova</adminArea></cntAddress>
				</rpCntInfo>
				<role>
					<RoleCd value="009"/>
				</role>
			</citRespParty>
			<resRefDate><refDateType><DateTypCd value="002"></DateTypCd></refDateType><refDate></refDate></resRefDate><resAltTitle>GISCO.CNTR_LB_2010</resAltTitle></idCitation>
		<idAbs>Labels for Administrative regions on country level. Each region has exactly 1 label.

 The extent of the feature classes covers the entire world.</idAbs>
		<idPurp>The countries labels are used mainly for mapping purposes.</idPurp>
		<idStatus>completed</idStatus>
		<resMaint>
			<maintFreq>
				<MaintFreqCd value="010"/>
			</maintFreq>
		</resMaint>
		<descKeys KeyTypCd="002">
			<keyTyp>
				<KeyTypCd value="002"/>
			</keyTyp>
			<keyword>World</keyword>
		</descKeys>
		<resConst>
			<Consts>
				<useLimit>This feature class has been created for cartographic purposes.</useLimit>
			</Consts>
			<LegConsts>
				<accessConsts><RestrictCd value="001"></RestrictCd></accessConsts><useConsts><RestrictCd value="001"></RestrictCd></useConsts></LegConsts>
		</resConst>
		<spatRpType>
			<spatRepTypCd value="001"/>
		</spatRpType>
		<dataChar>
			<CharSetCd value="004"/>
		</dataChar>
		<envirDesc Sync="TRUE">Microsoft Windows Vista Version 6.1 (Build 7601) Service Pack 1; ESRI ArcCatalog 9.3.1.4000</envirDesc><dataExt><geoEle><GeoBndBox esriExtentType="native"><westBL Sync="TRUE">-177.194355</westBL><eastBL Sync="TRUE">178.690656</eastBL><northBL Sync="TRUE">78.22162</northBL><southBL Sync="TRUE">-80.724251</southBL><exTypeCode Sync="TRUE">1</exTypeCode></GeoBndBox></geoEle><tempEle><TempExtent><exTemp><TM_GeometricPrimitive><TM_Period><begin></begin><end></end></TM_Period></TM_GeometricPrimitive></exTemp></TempExtent></tempEle></dataExt><geoBox esriExtentType="decdegrees"><westBL Sync="TRUE">-177.194355</westBL><eastBL Sync="TRUE">178.690656</eastBL><northBL Sync="TRUE">78.22162</northBL><southBL Sync="TRUE">-80.724251</southBL><exTypeCode Sync="TRUE">1</exTypeCode></geoBox><dataLang><languageCode value="en"></languageCode></dataLang><tpCat><TopicCatCd value="03"></TopicCatCd></tpCat><descKeys KeyTypCd="005"><keyTyp><KeyTypCd value="005"></KeyTypCd></keyTyp><keyword>Countries</keyword></descKeys><descKeys KeyTypCd="005"><keyTyp><KeyTypCd value="005"></KeyTypCd></keyTyp><thesaName><resTitle>Directive 20007/.../EC/ of the European parliament and of the Council of establishing an Infrastructure for Spatial Information in the European Community (INSPIRE)</resTitle><resRefDate><refDate></refDate><refDateType><DateTypCd value=""></DateTypCd></refDateType></resRefDate></thesaName><keyword>Administrative Units</keyword></descKeys><idPoC Sync="TRUE"><rpOrgName Sync="TRUE">Eurostat GISCO - European Commission</rpOrgName><rpCntInfo><cntPhone><voiceNum Sync="TRUE">+352 4301 32076</voiceNum><faxNum Sync="TRUE">+352 4301 32029</faxNum></cntPhone><cntAddress><delPoint Sync="TRUE">5, rue Alphonse Weicker</delPoint><city Sync="TRUE">Luxembourg</city><adminArea Sync="TRUE">Luxembourg</adminArea><postCode Sync="TRUE">2920</postCode><country Sync="TRUE">lu</country><eMailAdd Sync="TRUE">estat-gisco@ec.europa.eu</eMailAdd></cntAddress></rpCntInfo><role><RoleCd Sync="TRUE" value="007"></RoleCd></role></idPoC></dataIdInfo>
	<distInfo>
		<distributor>
			<distorCont>
				<rpOrgName>Eurostat GISCO - European Commission</rpOrgName>
				<rpCntInfo>
					<cntPhone>
						<voiceNum>+352 4301 32076</voiceNum>
						<faxNum>+352 4301 32029</faxNum>
					</cntPhone>
					<cntAddress>
						<delPoint>5, rue Alphonse Weicker</delPoint>
						<city>Luxembourg</city>
						<adminArea>Luxembourg</adminArea>
						<postCode>2920</postCode>
						<eMailAdd>estat-gisco@ec.europa.eu</eMailAdd>
						<country>lu</country>
					</cntAddress>
				</rpCntInfo>
				<role>
					<RoleCd value="005"/>
				</role>
			</distorCont>
			<distorFormat>
				<formatName Sync="TRUE">File Geodatabase Feature Class</formatName>
				<formatVer>9.3.1</formatVer>
			</distorFormat>
			<distorTran>
				<offLineMed>
				</offLineMed>
				<onLineSrc><linkage>file://\\ABACOPORT-PC\C\Condivisa\work\EUROSTAT\work\SC3\ACT_2\work\SC3_A2_GENERALISATION.gdb</linkage><orFunct><OnFunctCd value="001"></OnFunctCd></orFunct><orDesc Sync="TRUE">002</orDesc><protocol Sync="TRUE">Local Area Network</protocol></onLineSrc></distorTran>
		</distributor>
	</distInfo>
	<dqInfo>
		<dataLineage>
			<statement>This dataset (together with the other datasets: NUTS_2010, COMM_2010 and COAS_2010) is based on geometry of EBM 2010 of EuroGeographics on commune level with a resolution of 30m (scale 1:100.000) and GRO SCOTLAND DATA data  enriched with some other datasources like  Gaul 2010  country data, Turkish features from GISCO data 2006 and Esri dataset for the Capitals of the World.
This resulted in a common repository of geometry of which the different datasets were derived. The different scale levels were derived of generalisations of the common repository on 100K scale. This means that within each scale level the feature classes of all these datasets: COMM_2010, NUTS_2010, CNTR_2010 and COAS_2010, are fully coherent and compliant.
	
In addition to the region and boundary feature classes there is also 1 label feature class which is scale independent and 1 point feature class about the Capitals of the World, data source from Esri datasets. For each CNTR in the region feature class there is exactly 1 label .
For EU27 the accuracy is up to scale 1/100.000 but for the rest of the world the scale level is 1/1.000.000.
The extent of this feature class is the world.
</statement>
			<prcStep>
				<description>The input for this label feature class was prepared in Arctool box of ARCGIS based on the regions of the CNTR_RG_100K_2010 feature class.

It has been respected the following rules:

a.) One label point per region;
b.) The label point must be inside of the region in case of single part regions;
c.) In case of multipart regions: the label point will be situated in the part which covers more then 50% of the total area. If there is no part covering more the 50% of the total area then the label point will be placed in the center of gravity of the region.

The resulting label were loaded with the simple data loader of ArcGIS to the feature class CNTR_LB_2010.
</description>
			</prcStep>
			<dataSource>
				<srcDesc>Labels generated from CNTR_2010 polygon features. See "process step information" for further details.</srcDesc>
			</dataSource>
		</dataLineage>
		<DQConcConsis>
			<measName>Completeness of Dataset</measName>
			<measId>
				<identAuth>
					<resTitle></resTitle>
					<resRefDate>
					</resRefDate>
				</identAuth>
				<identCode></identCode>
			</measId>
			<measDesc>All feature classes, attribute tables and relationship classes should be present</measDesc>
			<evalMethType></evalMethType>
			<evalMethDesc>Re-application of schema to dataset</evalMethDesc>
			<evalProc>
				<resTitle></resTitle>
				<resRefDate>
				</resRefDate>
			</evalProc>
			<measDateTm>20111201</measDateTm>
			<ConResult>
				<conExpl>All feature classes, attribute tables and relationship classes are present</conExpl>
				<conPass>true</conPass>
				<conSpec><resTitle></resTitle><resRefDate><refDateType><DateTypCd value="[invalid date type]"></DateTypCd></refDateType><refDate></refDate></resRefDate></conSpec></ConResult>
		</DQConcConsis>
		<DQDomConsis>
			<measName>Referential Integrity of Dataset</measName>
			<measId>
				<identAuth>
					<resTitle></resTitle>
					<resRefDate>
					</resRefDate>
				</identAuth>
				<identCode></identCode>
			</measId>
			<measDesc>The integrity and cardinality of the relationships (conceptual and implemented) was checked by enforcing primary and foreign key integrity constraints in Oracle. The constraints referencing coded value domain tables were a test of domain consistency.</measDesc>
			<evalMethType></evalMethType>
			<evalMethDesc>Errors will show during creation of integrity constraints in Oracle. Constraints will not be applicable in case of violations to the consistency.</evalMethDesc>
			<evalProc>
				<resTitle></resTitle>
				<resRefDate>
				</resRefDate>
			</evalProc>
			<measDateTm>20111201</measDateTm>
			<ConResult>
				<conExpl>No errors occurred, so the integrity of all primary and foreign keys was confirmed. All the values of each coded value attribute are compliant to the domains (except for any NULL values). The cardinality can only be confirmed where it is strict enough for this test to detect errors.</conExpl>
				<conPass>true</conPass>
				<conSpec><resTitle></resTitle><resRefDate><refDateType><DateTypCd value="[invalid date type]"></DateTypCd></refDateType><refDate></refDate></resRefDate></conSpec></ConResult>
		</DQDomConsis>
		<DQTopConsis>
			<measName>CNTR Labels inside CNTR regions</measName>
			<measId>
				<identAuth>
					<resTitle></resTitle>
					<resRefDate>
					</resRefDate>
				</identAuth>
				<identCode></identCode>
			</measId>
			<measDesc>CNTR_LB_2010: Must be properly inside a polygon in CNTR_RG_nnM_2010 with the same CNTR_ID</measDesc>
			<evalMethType></evalMethType>
			<evalMethDesc>Topology rule validation</evalMethDesc>
			<evalProc>
				<resTitle></resTitle>
				<resRefDate>
				</resRefDate>
			</evalProc>
			<measDateTm>20111201</measDateTm>
			<ConResult>
				<conExpl>No real errors found, all indicated labels outside a region belonged to archipelagos</conExpl>
				<conPass>true</conPass>
				<conSpec><resTitle></resTitle><resRefDate><refDateType><DateTypCd value="[invalid date type]"></DateTypCd></refDateType><refDate></refDate></resRefDate></conSpec></ConResult>
		</DQTopConsis>
		<dqScope><scpLvl>dataset</scpLvl></dqScope></dqInfo>
	<MdCoRefSys>
		<ellipsoid>
			<identCode>Geodetic Reference System 80</identCode>
		</ellipsoid>
		<datum>
			<identCode>D_ETRS_1989</identCode>
		</datum>
		<ellParas>
			<axisUnits>Degrees</axisUnits>
			<semiMajAx>6378137.000000</semiMajAx>
			<denFlatRat>298.257222</denFlatRat>
		</ellParas>
	</MdCoRefSys>
	<eainfo>
		<detailed Name="CNTR_LB_2010">
			<enttyp>
				<enttypl>CNTR_LB_2010</enttypl>
				<enttypd>Country Labels version 2010 (scale independent)</enttypd>
				<enttypt Sync="TRUE">Feature Class</enttypt><enttypc Sync="TRUE">0</enttypc></enttyp>
			<attr><attrlabl Sync="TRUE">FID</attrlabl><attalias Sync="TRUE">FID</attalias><attrtype Sync="TRUE">OID</attrtype><attwidth Sync="TRUE">4</attwidth><atprecis Sync="TRUE">0</atprecis><attscale Sync="TRUE">0</attscale><attrdef Sync="TRUE">Internal feature number.</attrdef><attrdefs Sync="TRUE">ESRI</attrdefs><attrdomv><udom Sync="TRUE">Sequential unique whole numbers that are automatically generated.</udom></attrdomv></attr><attr>
				<attrtype Sync="TRUE">String</attrtype>
				<attrlabl>CNTR_ID</attrlabl>
				<attrdef>Country Identifier (2 character ISO-code for countries).
FK to the CNTR_AT table with PK: CNTR_ID</attrdef>
				<attrdefs>GISCO</attrdefs>
				<attwidth Sync="TRUE">3</attwidth>
				<attalias Sync="TRUE">CNTR_ID</attalias></attr>
			<attr>
				<attrtype Sync="TRUE">Geometry</attrtype>
				<attrlabl>SHAPE</attrlabl>
				<attrdef>Feature geometry.</attrdef>
				<attrdefs>ESRI</attrdefs>
				<attwidth Sync="TRUE">0</attwidth>
				<atprecis Sync="TRUE">0</atprecis>
				<attscale Sync="TRUE">0</attscale>
				<attalias Sync="TRUE">Shape</attalias><attrdomv><udom Sync="TRUE">Coordinates defining the features.</udom></attrdomv></attr>
			<attr><attrlabl Sync="TRUE">LAT</attrlabl><attalias Sync="TRUE">LAT</attalias><attrtype Sync="TRUE">Float</attrtype><attwidth Sync="TRUE">19</attwidth><atnumdec Sync="TRUE">11</atnumdec></attr><attr><attrlabl Sync="TRUE">LON</attrlabl><attalias Sync="TRUE">LON</attalias><attrtype Sync="TRUE">Float</attrtype><attwidth Sync="TRUE">19</attwidth><atnumdec Sync="TRUE">11</atnumdec></attr></detailed>
		<detailed Name="CNTR_LB_2010_AT">
			<enttyp>
				<enttypl>CNTR_LB_2010_AT</enttypl>
				<enttypd>1 - 1 relationshipclass between CNTR_AT (PK = CNTR_ID) and CNTR_LB_2006 (FK = CNTR_ID)</enttypd>
				<enttypt Sync="TRUE">Relationship</enttypt></enttyp>
			<attr><atnumdec/></attr><attr><atnumdec/></attr></detailed>
	</eainfo>
	<Esri><CreaDate>20120319</CreaDate><CreaTime>16284500</CreaTime><SyncOnce>FALSE</SyncOnce><ModDate>20120320</ModDate><ModTime>09410400</ModTime><DataProperties><lineage><Process Name="Add Spatial Index" ToolSource="D:\Program Files\ArcGIS\ArcToolbox\Toolboxes\Data Management Tools.tbx\AddSpatialIndex" Date="20090311" Time="173819">AddSpatialIndex "Database Connections\GISCO PROD.sde\GISCO.CNTR_2006\GISCO.CNTR_LB_2006" 14.6867170967076 0 0 "Database Connections\GISCO PROD.sde\GISCO.CNTR_2006\GISCO.CNTR_LB_2006"</Process><Process Name="Metadata Importer" ToolSource="D:\Program Files\ArcGIS\ArcToolbox\Toolboxes\Conversion Tools.tbx\MetadataImporter" Date="20091201" Time="183556">MetadataImporter X:\20091117_FULL_PROD_BeforeUpgradeToC5_NoRaster\20091117_PROD.gdb\CNTR_2006\CNTR_LB_2006 "Database Connections\GISCO PROD.sde\GISCO.CNTR_2006\GISCO.CNTR_LB_2006" "Database Connections\GISCO PROD.sde\GISCO.CNTR_2006\GISCO.CNTR_LB_2006"</Process><Process ToolSource="D:\Program Files\ArcGIS\ArcToolbox\Toolboxes\Data Management Tools.tbx\CopyFeatures" Date="20120319" Time="161819">CopyFeatures "Database Connections\GISCO Reference (Read Write) salvia.cc.cec.eu.int.sde\GISCO.CNTR_2010\GISCO.CNTR_LB_2010" "J:\dissemination\Public (free download)\NUTS_2010\03M\PGDB\data\NUTS_2010_03M.mdb\GISCO_CNTR_LB_2010" # 0 0 0</Process><Process ToolSource="D:\Program Files\ArcGIS\ArcToolbox\Toolboxes\Data Management Tools.tbx\CopyFeatures" Date="20120320" Time="094104">CopyFeatures "J:\dissemination\Public (free download)\CNTR_2010\03M\PGDB\data\CNTR_2010_03M.mdb\CNTR_LB_2010" "J:\dissemination\Public (free download)\CNTR_2010\03M\shape\data\CNTR_LB_2010.shp" # 0 0 0</Process></lineage><itemProps><itemLocation><linkage Sync="TRUE">file://Service=sde:oracle10g:/;LOCAL=ARCESTP; User=gisco; Version=SDE.DEFAULT</linkage><protocol Sync="TRUE">Local Area Network</protocol></itemLocation></itemProps></DataProperties><PublishStatus>Published</PublishStatus><SyncDate>20120320</SyncDate><SyncTime>09410400</SyncTime><ArcGISFormat>1.0</ArcGISFormat><ArcGISstyle>INSPIRE Metadata Directive</ArcGISstyle><MetaID>{06CF490B-2231-492A-A317-B1848E2D73A0}</MetaID></Esri><dataqual><lineage><procstep><procdesc Sync="TRUE">Metadata imported.</procdesc><srcused Sync="TRUE">J:\develop\metadata\GISCO.CNTR_2006.GISCO.CNTR_LB_2006.xml</srcused><date Sync="TRUE">20081205</date><time Sync="TRUE">12083300</time></procstep><procstep><procdesc Sync="TRUE">Metadata imported.</procdesc><srcused Sync="TRUE">J:\develop\metadata\20090113-DEV-UpdatedNUTS2006\GISCO.CNTR_2006.GISCO.CNTR_LB_2006.xml</srcused><date Sync="TRUE">20090113</date><time Sync="TRUE">15563400</time></procstep><procstep><procdesc Sync="TRUE">Dataset copied.</procdesc><srcused Sync="TRUE">Server=anteater.cc.cec.eu.int; Service=port:5153; User=gisco; Version=SDE.DEFAULT</srcused><procdate Sync="TRUE">20090304</procdate><proctime Sync="TRUE">14155800</proctime></procstep><procstep><procdesc Sync="TRUE">Dataset copied.</procdesc><srcused Sync="TRUE">\\D02DI0616275\E\WorkSpace\GISCODBBackups\20090304_FULL_PROD_BeforeReinstallation_RasterIncluded\20090304_PROD.gdb</srcused><procdate Sync="TRUE">20090309</procdate><proctime Sync="TRUE">13223400</proctime></procstep><procstep><procdesc Sync="TRUE">Dataset copied.</procdesc><srcused Sync="TRUE">Server=anteater.cc.cec.eu.int; Service=port:5153; User=gisco; Version=SDE.DEFAULT</srcused><procdate Sync="TRUE">20091117</procdate><proctime Sync="TRUE">11040100</proctime></procstep><procstep><procdesc Sync="TRUE">Dataset copied.</procdesc><srcused Sync="TRUE">Service=sde:oracle10g; User=gisco; Version=SDE.DEFAULT</srcused><procdate Sync="TRUE">20100210</procdate><proctime Sync="TRUE">09202300</proctime></procstep><procstep><procdesc Sync="TRUE">Metadata imported.</procdesc><srcused Sync="TRUE">C:\Condivisa\work\EUROSTAT\work\SC3\ACT_2\docs\TASKDESCRIPTION\metadati\final\SC3ACT2\CNTR_LB_2006.xml</srcused><procdate Sync="TRUE">20111205</procdate><proctime Sync="TRUE">16454700</proctime></procstep><procstep><procdesc Sync="TRUE">Dataset copied.</procdesc><srcused Sync="TRUE">\\s-sisko\gisco\dissemination\Public (free download)\NUTS_2010\03M\PGDB\data\NUTS_2010_03M.mdb</srcused><procdate Sync="TRUE">20120319</procdate><proctime Sync="TRUE">16284500</proctime></procstep></lineage></dataqual><editorCustomization version="v1.1"></editorCustomization><mdHrLv><ScopeCd Sync="TRUE" value="005"></ScopeCd></mdHrLv><mdHrLvName Sync="TRUE">dataset</mdHrLvName><mdStanName Sync="TRUE">ISO 19115 Geographic Information - Metadata</mdStanName><mdStanVer Sync="TRUE">DIS_ESRI1.0</mdStanVer><metainfo><metd Sync="TRUE">20120320</metd><langmeta Sync="TRUE">en</langmeta><metstdn Sync="TRUE">FGDC Content Standards for Digital Geospatial Metadata</metstdn><metstdv Sync="TRUE">FGDC-STD-001-1998</metstdv><mettc Sync="TRUE">local time</mettc><metc><cntinfo><cntorgp><cntper>REQUIRED: The person responsible for the metadata information.</cntper><cntorg>REQUIRED: The organization responsible for the metadata information.</cntorg></cntorgp><cntaddr><addrtype>REQUIRED: The mailing and/or physical address for the organization or individual.</addrtype><city>REQUIRED: The city of the address.</city><state>REQUIRED: The state or province of the address.</state><postal>REQUIRED: The ZIP or other postal code of the address.</postal></cntaddr><cntvoice>REQUIRED: The telephone number by which individuals can speak to the organization or individual.</cntvoice></cntinfo></metc><metextns><onlink Sync="TRUE">http://www.esri.com/metadata/esriprof80.html</onlink><metprof Sync="TRUE">ESRI Metadata Profile</metprof></metextns></metainfo><idinfo><citation><citeinfo><onlink Sync="TRUE">\\s-sisko\gisco\dissemination\Public (free download)\CNTR_2010\03M\shape\data\CNTR_LB_2010.shp</onlink><origin>REQUIRED: The name of an organization or individual that developed the data set.</origin><pubdate>REQUIRED: The date when the data set is published or otherwise made available for release.</pubdate><title Sync="TRUE">CNTR_LB_2010</title><ftname Sync="TRUE">CNTR_LB_2010</ftname><geoform Sync="TRUE">vector digital data</geoform></citeinfo></citation><native Sync="TRUE">Microsoft Windows XP Version 5.1 (Build 2600) Service Pack 3; ESRI ArcCatalog 9.3.1.4000</native><descript><langdata Sync="TRUE">en</langdata><abstract>REQUIRED: A brief narrative summary of the data set.</abstract><purpose>REQUIRED: A summary of the intentions with which the data set was developed.</purpose></descript><timeperd><current>REQUIRED: The basis on which the time period of content information is determined.</current><timeinfo><sngdate><caldate>REQUIRED: The year (and optionally month, or month and day) for which the data set corresponds to the ground.</caldate></sngdate></timeinfo></timeperd><status><progress>REQUIRED: The state of the data set.</progress><update>REQUIRED: The frequency with which changes and additions are made to the data set after the initial data set is completed.</update></status><spdom><bounding><westbc Sync="TRUE">-177.194355</westbc><eastbc Sync="TRUE">178.690656</eastbc><northbc Sync="TRUE">78.221620</northbc><southbc Sync="TRUE">-80.724251</southbc></bounding><lboundng><leftbc Sync="TRUE">-177.194355</leftbc><rightbc Sync="TRUE">178.690656</rightbc><bottombc Sync="TRUE">-80.724251</bottombc><topbc Sync="TRUE">78.221620</topbc></lboundng></spdom><keywords><theme><themekt>REQUIRED: Reference to a formally registered thesaurus or a similar authoritative source of theme keywords.</themekt><themekey>REQUIRED: Common-use word or phrase used to describe the subject of the data set.</themekey></theme></keywords><accconst>REQUIRED: Restrictions and legal prerequisites for accessing the data set.</accconst><useconst>REQUIRED: Restrictions and legal prerequisites for using the data set after access is granted.</useconst><natvform Sync="TRUE">Shapefile</natvform></idinfo><distinfo><resdesc Sync="TRUE">Downloadable Data</resdesc><stdorder><digform><digtinfo><transize Sync="TRUE">0.000</transize><dssize Sync="TRUE">0.000</dssize></digtinfo></digform></stdorder></distinfo><spdoinfo><direct Sync="TRUE">Vector</direct><ptvctinf><esriterm Name="CNTR_LB_2010"><efeatyp Sync="TRUE">Simple</efeatyp><efeageom Sync="TRUE">Point</efeageom><esritopo Sync="TRUE">FALSE</esritopo><efeacnt Sync="TRUE">0</efeacnt><spindex Sync="TRUE">FALSE</spindex><linrefer Sync="TRUE">FALSE</linrefer></esriterm><sdtsterm Name="CNTR_LB_2010"><sdtstype Sync="TRUE">Entity point</sdtstype><ptvctcnt Sync="TRUE">0</ptvctcnt></sdtsterm></ptvctinf></spdoinfo><spref><horizsys><cordsysn><geogcsn Sync="TRUE">GCS_ETRS_1989</geogcsn></cordsysn><geograph><geogunit Sync="TRUE">Decimal degrees</geogunit><latres Sync="TRUE">0.000000</latres><longres Sync="TRUE">0.000000</longres></geograph><geodetic><horizdn Sync="TRUE">D_ETRS_1989</horizdn><ellips Sync="TRUE">Geodetic Reference System 80</ellips><semiaxis Sync="TRUE">6378137.000000</semiaxis><denflat Sync="TRUE">298.257222</denflat></geodetic></horizsys><vertdef><altsys><altenc Sync="TRUE">Explicit elevation coordinate included with horizontal coordinates</altenc><altres Sync="TRUE">1.000000</altres></altsys></vertdef></spref><mdResourceType></mdResourceType><mdURI></mdURI></metadata>
